"Autor.id";"Autor";"Autor..UF.";"Partido";"TotalConvenios";"CodImg"
"ABEL MESQUITA JR._RR";"ABEL MESQUITA JR.";"RR";"PMB";"5538015.68";"178957"
"AELTON FREITAS_MG";"AELTON FREITAS";"MG";"PR";"59885292.52";"141372"
"AFONSO FLORENCE_BA";"AFONSO FLORENCE";"BA";"PT";"4215969.49";"160508"
"AFONSO HAMM_RS";"AFONSO HAMM";"RS";"PP";"47329868.52";"136811"
"AFONSO MOTTA_RS";"AFONSO MOTTA";"RS";"PDT";"759139.6";"178835"
"AGUINALDO RIBEIRO_PB";"AGUINALDO RIBEIRO";"PB";"PP";"12945921.19";"160527"
"ALAN RICK_AC";"ALAN RICK";"AC";"PRB";"303240";"178836"
"ALBERTO FILHO_MA";"ALBERTO FILHO";"MA";"PMDB";"29829056.27";"160582"
"ALBERTO FRAGA_DF";"ALBERTO FRAGA";"DF";"DEM";"240000";"73579"
"ALCEU MOREIRA_RS";"ALCEU MOREIRA";"RS";"PMDB";"33197687.06";"160559"
"ALESSANDRO MOLON_RJ";"ALESSANDRO MOLON";"RJ";"REDE";"4427793.36";"160511"
"ALEX CANZIANI_PR";"ALEX CANZIANI";"PR";"PTB";"21736822.53";"73458"
"ALEXANDRE LEITE_SP";"ALEXANDRE LEITE";"SP";"DEM";"21234816.22";"160545"
"ALEXANDRE SERFIOTIS_RJ";"ALEXANDRE SERFIOTIS";"RJ";"PSD";"800000";"178833"
"ALFREDO KAEFER_PR";"ALFREDO KAEFER";"PR";"PSDB";"21123537.73";"141454"
"ALFREDO NASCIMENTO_AM";"ALFREDO NASCIMENTO";"AM";"PR";"824000";"178846"
"ALICE PORTUGAL_BA";"ALICE PORTUGAL";"BA";"PCdoB";"38320021.13";"74057"
"ALIEL MACHADO_PR";"ALIEL MACHADO";"PR";"REDE";"1246525";"178927"
"ANDERSON FERREIRA_PE";"ANDERSON FERREIRA";"PE";"PR";"65821378.31";"160551"
"ANDRE MOURA_SE";"ANDRE MOURA";"SE";"PSC";"21395188.85";"160543"
"ANDRES SANCHEZ_SP";"ANDRES SANCHEZ";"SP";"PT";"795600";"178974"
"ANDRÉ ABDON_AP";"ANDRÉ ABDON";"AP";"PRB";"1977187.38";"178831"
"ANGELIM_AC";"ANGELIM";"AC";"PT";"3298014.02";"178837"
"ANTONIO BRITO_BA";"ANTONIO BRITO";"BA";"PTB";"23092752.43";"160553"
"ANTONIO BULHÕES_SP";"ANTONIO BULHÕES";"SP";"PRB";"36366895.4";"141383"
"ANTONIO IMBASSAHY_BA";"ANTONIO IMBASSAHY";"BA";"PSDB";"14331478.16";"160530"
"ANTÔNIO JÁCOME_RN";"ANTÔNIO JÁCOME";"RN";"PMN";"500000";"178950"
"ANÍBAL GOMES_CE";"ANÍBAL GOMES";"CE";"PMDB";"44928192.94";"74212"
"ARIOSTO HOLANDA_CE";"ARIOSTO HOLANDA";"CE";"Pros";"14959071.81";"74103"
"ARLINDO CHINAGLIA_SP";"ARLINDO CHINAGLIA";"SP";"PT";"24741529.16";"73433"
"ARNALDO FARIA DE SÁ_SP";"ARNALDO FARIA DE SÁ";"SP";"PTB";"44164747.77";"73434"
"ARNALDO JARDIM_SP";"ARNALDO JARDIM";"SP";"PPS";"28829408.83";"141391"
"ARNALDO JORDY_PA";"ARNALDO JORDY";"PA";"PPS";"6597661.69";"160602"
"ARNON BEZERRA_CE";"ARNON BEZERRA";"CE";"PTB";"11273858.81";"74291"
"ARTHUR LIRA_AL";"ARTHUR LIRA";"AL";"PP";"36285955.61";"160541"
"ARTHUR OLIVEIRA MAIA_BA";"ARTHUR OLIVEIRA MAIA";"BA";"SD";"22847209.97";"160600"
"ARTHUR VIRGÍLIO BISNETO_AM";"ARTHUR VIRGÍLIO BISNETO";"AM";"PSDB";"6291149.28";"178847"
"ASSIS CARVALHO_PI";"ASSIS CARVALHO";"PI";"PT";"20390135.76";"159237"
"ASSIS DO COUTO_PR";"ASSIS DO COUTO";"PR";"PMB";"50806424.79";"74378"
"AUGUSTO CARVALHO_DF";"AUGUSTO CARVALHO";"DF";"SD";"8380746.93";"73655"
"AUGUSTO COUTINHO_PE";"AUGUSTO COUTINHO";"PE";"SD";"81290432.79";"160665"
"AUREO_RJ";"AUREO";"RJ";"SD";"16873113.65";"160512"
"BALEIA ROSSI_SP";"BALEIA ROSSI";"SP";"PMDB";"244221.72";"178975"
"BEBETO_BA";"BEBETO";"BA";"PSB";"953804.35";"178834"
"BENEDITA DA SILVA_RJ";"BENEDITA DA SILVA";"RJ";"PT";"15628849.67";"73701"
"BENJAMIN MARANHÃO_PB";"BENJAMIN MARANHÃO";"PB";"SD";"13359710.99";"74040"
"BETO FARO_PA";"BETO FARO";"PA";"PT";"26336329.82";"141335"
"BETO MANSUR_SP";"BETO MANSUR";"SP";"PRB";"52625393.04";"73437"
"BILAC PINTO_MG";"BILAC PINTO";"MG";"PR";"18924715.46";"141513"
"BOHN GASS_RS";"BOHN GASS";"RS";"PT";"33451741.39";"160538"
"BONIFÁCIO DE ANDRADA_MG";"BONIFÁCIO DE ANDRADA";"MG";"PSDB";"16032285.26";"74650"
"BRUNA FURLAN_SP";"BRUNA FURLAN";"SP";"PSDB";"12334993.92";"160589"
"BRUNO ARAÚJO_PE";"BRUNO ARAÚJO";"PE";"PSDB";"34737492.93";"141394"
"CABUÇU BORGES_AP";"CABUÇU BORGES";"AP";"PMDB";"1515151.52";"105112"
"CACÁ LEÃO_BA";"CACÁ LEÃO";"BA";"PP";"606061";"93083"
"CAETANO_BA";"CAETANO";"BA";"PT";"500000";"178853"
"CAPITÃO AUGUSTO_SP";"CAPITÃO AUGUSTO";"SP";"PR";"303500";"178829"
"CARLOS ANDRADE_RR";"CARLOS ANDRADE";"RR";"PHS";"3009585.26";"178958"
"CARLOS BEZERRA_MT";"CARLOS BEZERRA";"MT";"PMDB";"29002966.46";"141401"
"CARLOS GOMES_RS";"CARLOS GOMES";"RS";"PRB";"2405653.05";"178962"
"CARLOS MANATO_ES";"CARLOS MANATO";"ES";"SD";"30982616.53";"74163"
"CARLOS MELLES_MG";"CARLOS MELLES";"MG";"DEM";"15531987.85";"74651"
"CARLOS SAMPAIO_SP";"CARLOS SAMPAIO";"SP";"PSDB";"21325621.63";"74262"
"CARLOS ZARATTINI_SP";"CARLOS ZARATTINI";"SP";"PT";"34442674.45";"141398"
"CARMEN ZANOTTO_SC";"CARMEN ZANOTTO";"SC";"PPS";"4908026.57";"164360"
"CELSO MALDANER_SC";"CELSO MALDANER";"SC";"PMDB";"56488110.37";"141405"
"CELSO RUSSOMANNO_SP";"CELSO RUSSOMANNO";"SP";"PRB";"1031632.83";"73441"
"CHICO ALENCAR_RJ";"CHICO ALENCAR";"RJ";"PSOL";"2101935.67";"74171"
"CHICO LOPES_CE";"CHICO LOPES";"CE";"PCdoB";"38961506.79";"141440"
"CLAUDIO CAJADO_BA";"CLAUDIO CAJADO";"BA";"DEM";"38148407.24";"74537"
"CLEBER VERDE_MA";"CLEBER VERDE";"MA";"PRB";"35234966.87";"141408"
"CONCEIÇÃO SAMPAIO_AM";"CONCEIÇÃO SAMPAIO";"AM";"PP";"300400";"178848"
"COVATTI FILHO_RS";"COVATTI FILHO";"RS";"PP";"1250000";"178963"
"CÉLIO SILVEIRA_GO";"CÉLIO SILVEIRA";"GO";"PSDB";"2019800";"178876"
"CÉSAR HALUM_TO";"CÉSAR HALUM";"TO";"PRB";"30098873.1";"160576"
"CÉSAR MESSIAS_AC";"CÉSAR MESSIAS";"AC";"PSB";"600200";"178838"
"DAGOBERTO_MS";"DAGOBERTO";"MS";"PDT";"2121218.53";"141411"
"DAMIÃO FELICIANO_PB";"DAMIÃO FELICIANO";"PB";"PDT";"29461134.33";"74467"
"DANIEL ALMEIDA_BA";"DANIEL ALMEIDA";"BA";"PCdoB";"38410955.61";"74060"
"DANILO FORTE_CE";"DANILO FORTE";"CE";"PSB";"23064927.78";"62881"
"DANRLEI DE DEUS HINTERHOLZ_RS";"DANRLEI DE DEUS HINTERHOLZ";"RS";"PSD";"31131251.02";"160552"
"DARCÍSIO PERONDI_RS";"DARCÍSIO PERONDI";"RS";"PMDB";"40879251.71";"73891"
"DELEY_RJ";"DELEY";"RJ";"PTB";"16239742.33";"74172"
"DIEGO ANDRADE_MG";"DIEGO ANDRADE";"MG";"PSD";"27886572.76";"160588"
"DIEGO GARCIA_PR";"DIEGO GARCIA";"PR";"PHS";"586000";"178929"
"DILCEU SPERAFICO_PR";"DILCEU SPERAFICO";"PR";"PP";"43545067.78";"73768"
"DIMAS FABIANO_MG";"DIMAS FABIANO";"MG";"PP";"34482359.22";"160599"
"DOMINGOS NETO_CE";"DOMINGOS NETO";"CE";"PMB";"13265664.55";"143632"
"DOMINGOS SÁVIO_MG";"DOMINGOS SÁVIO";"MG";"PSDB";"22441573.36";"160758"
"DR. JORGE SILVA_ES";"DR. JORGE SILVA";"ES";"Pros";"31269588.39";"160643"
"DUARTE NOGUEIRA_SP";"DUARTE NOGUEIRA";"SP";"PSDB";"30337844.95";"141385"
"DÂMINA PEREIRA_MG";"DÂMINA PEREIRA";"MG";"PMB";"1200000";"178892"
"DÉCIO LIMA_SC";"DÉCIO LIMA";"SC";"PT";"50834108.56";"141413"
"EDINHO ARAÚJO_SP";"EDINHO ARAÚJO";"SP";"PMDB";"35224200.96";"73447"
"EDIO LOPES_RR";"EDIO LOPES";"RR";"PMDB";"33322464.98";"141417"
"EDUARDO BARBOSA_MG";"EDUARDO BARBOSA";"MG";"PSDB";"32035092.71";"74655"
"EDUARDO BOLSONARO_SP";"EDUARDO BOLSONARO";"SP";"PSC";"195500";"92346"
"EDUARDO CUNHA_RJ";"EDUARDO CUNHA";"RJ";"PMDB";"30389051.54";"74173"
"EDUARDO DA FONTE_PE";"EDUARDO DA FONTE";"PE";"PP";"31193932.99";"141421"
"EFRAIM FILHO_PB";"EFRAIM FILHO";"PB";"DEM";"29691915.67";"141422"
"ELCIONE BARBALHO_PA";"ELCIONE BARBALHO";"PA";"PMDB";"21063540.28";"74075"
"ELI CORRÊA FILHO_SP";"ELI CORRÊA FILHO";"SP";"DEM";"12846499.64";"160532"
"ENIO VERRI_PR";"ENIO VERRI";"PR";"PT";"500000";"132504"
"ERIKA KOKAY_DF";"ERIKA KOKAY";"DF";"PT";"10167742.44";"160575"
"ERIVELTON SANTANA_BA";"ERIVELTON SANTANA";"BA";"PSC";"22547395.11";"99654"
"EROS BIONDINI_MG";"EROS BIONDINI";"MG";"PTB";"24919776.14";"160640"
"ESPERIDIÃO AMIN_SC";"ESPERIDIÃO AMIN";"SC";"PP";"36577290.75";"160649"
"EVAIR DE MELO_ES";"EVAIR DE MELO";"ES";"PV";"150000";"178871"
"EVANDRO ROMAN_PR";"EVANDRO ROMAN";"PR";"PSD";"317934.78";"178930"
"EXPEDITO NETTO_RO";"EXPEDITO NETTO";"RO";"SD";"2769957.31";"178953"
"FABIO REIS_SE";"FABIO REIS";"SE";"PMDB";"14035292.4";"171623"
"FAUSTO PINATO_SP";"FAUSTO PINATO";"SP";"PRB";"514871.78";"66828"
"FELIPE BORNIER_RJ";"FELIPE BORNIER";"RJ";"PSD";"11056949.44";"141430"
"FELIPE MAIA_RN";"FELIPE MAIA";"RN";"DEM";"24498110.44";"141429"
"FERNANDO COELHO FILHO_PE";"FERNANDO COELHO FILHO";"PE";"PSB";"74747018.52";"141431"
"FERNANDO FRANCISCHINI_PR";"FERNANDO FRANCISCHINI";"PR";"SD";"15798808.62";"160646"
"FERNANDO JORDÃO_RJ";"FERNANDO JORDÃO";"RJ";"PMDB";"16737253.56";"163831"
"FERNANDO TORRES_BA";"FERNANDO TORRES";"BA";"PSD";"25502057.04";"160676"
"FLAVIANO MELO_AC";"FLAVIANO MELO";"AC";"PMDB";"49390007.59";"141434"
"FLÁVIA MORAIS_GO";"FLÁVIA MORAIS";"GO";"PDT";"31097388.12";"160598"
"FRANCISCO CHAPADINHA_PA";"FRANCISCO CHAPADINHA";"PA";"PSD";"536250";"178907"
"FRANCISCO FLORIANO_RJ";"FRANCISCO FLORIANO";"RJ";"PR";"16510195.42";"160677"
"FÁBIO FARIA_RN";"FÁBIO FARIA";"RN";"PSD";"31741927.61";"141428"
"FÁBIO RAMALHO_MG";"FÁBIO RAMALHO";"MG";"PMB";"25443872.62";"141427"
"FÁBIO SOUSA_GO";"FÁBIO SOUSA";"GO";"PSDB";"330000";"178877"
"FÉLIX MENDONÇA JÚNIOR_BA";"FÉLIX MENDONÇA JÚNIOR";"BA";"PDT";"3342659.28";"160666"
"GABRIEL GUIMARÃES_MG";"GABRIEL GUIMARÃES";"MG";"PT";"17792718.66";"129037"
"GENECIAS NORONHA_CE";"GENECIAS NORONHA";"CE";"SD";"24036620.27";"160669"
"GEOVANIA DE SÁ_SC";"GEOVANIA DE SÁ";"SC";"PSDB";"200020";"178966"
"GERALDO RESENDE_MS";"GERALDO RESENDE";"MS";"PMDB";"43051662.06";"74374"
"GIACOBO_PR";"GIACOBO";"PR";"PR";"33344756.81";"74383"
"GIOVANI CHERINI_RS";"GIOVANI CHERINI";"RS";"PDT";"34765765.42";"160673"
"GIUSEPPE VECCI_GO";"GIUSEPPE VECCI";"GO";"PSDB";"250000";"178878"
"GIVALDO CARIMBÃO_AL";"GIVALDO CARIMBÃO";"AL";"Pros";"24740572.82";"74558"
"GLAUBER BRAGA_RJ";"GLAUBER BRAGA";"RJ";"PSOL";"19860026.16";"152605"
"GONZAGA PATRIOTA_PE";"GONZAGA PATRIOTA";"PE";"PSB";"55142067.63";"74419"
"GORETE PEREIRA_CE";"GORETE PEREIRA";"CE";"PR";"38128962.55";"129618"
"GUILHERME MUSSI_SP";"GUILHERME MUSSI";"SP";"PP";"24911697.25";"160667"
"HELDER SALOMÃO_ES";"HELDER SALOMÃO";"ES";"PT";"798450";"178873"
"HENRIQUE FONTANA_RS";"HENRIQUE FONTANA";"RS";"PT";"45170714";"73482"
"HERCULANO PASSOS_SP";"HERCULANO PASSOS";"SP";"PSD";"1828125";"178981"
"HERMES PARCIANELLO_PR";"HERMES PARCIANELLO";"PR";"PMDB";"24936883.64";"73772"
"HEULER CRUVINEL_GO";"HEULER CRUVINEL";"GO";"PSD";"13825674.38";"160596"
"HIRAN GONÇALVES_RR";"HIRAN GONÇALVES";"RR";"PMB";"2576920.98";"178959"
"HUGO LEAL_RJ";"HUGO LEAL";"RJ";"Pros";"17957627.79";"141450"
"HUGO MOTTA_PB";"HUGO MOTTA";"PB";"PMDB";"24353585.99";"160674"
"HÉLIO LEITE_PA";"HÉLIO LEITE";"PA";"DEM";"311953.99";"178909"
"IRACEMA PORTELLA_PI";"IRACEMA PORTELLA";"PI";"PP";"33203538.17";"67138"
"IRAJÁ ABREU_TO";"IRAJÁ ABREU";"TO";"PSD";"18365306.59";"81232"
"IRMÃO LAZARO_BA";"IRMÃO LAZARO";"BA";"PSC";"962950";"178855"
"IVAN VALENTE_SP";"IVAN VALENTE";"SP";"PSOL";"6717124.54";"73531"
"IZALCI_DF";"IZALCI";"DF";"PSDB";"3662450.03";"4931"
"JAIME MARTINS_MG";"JAIME MARTINS";"MG";"PSD";"49615392.61";"74665"
"JAIR BOLSONARO_RJ";"JAIR BOLSONARO";"RJ";"PP";"3249966.4";"74847"
"JANDIRA FEGHALI_RJ";"JANDIRA FEGHALI";"RJ";"PCdoB";"17032039.48";"74848"
"JANETE CAPIBERIBE_AP";"JANETE CAPIBERIBE";"AP";"PSB";"37087798.1";"73926"
"JEAN WYLLYS_RJ";"JEAN WYLLYS";"RJ";"PSOL";"2595429";"160672"
"JEFFERSON CAMPOS_SP";"JEFFERSON CAMPOS";"SP";"PSD";"34069177.43";"74273"
"JERÔNIMO GOERGEN_RS";"JERÔNIMO GOERGEN";"RS";"PP";"32193006.39";"160570"
"JHC_AL";"JHC";"AL";"PSB";"900000";"178842"
"JHONATAN DE JESUS_RR";"JHONATAN DE JESUS";"RR";"PRB";"30331516.17";"160531"
"JOAQUIM PASSARINHO_PA";"JOAQUIM PASSARINHO";"PA";"PSD";"440000";"178910"
"JORGE CÔRTE REAL_PE";"JORGE CÔRTE REAL";"PE";"PTB";"85483616.83";"160572"
"JORGE TADEU MUDALEN_SP";"JORGE TADEU MUDALEN";"SP";"DEM";"32092153.76";"73535"
"JORGINHO MELLO_SC";"JORGINHO MELLO";"SC";"PR";"30577790.12";"160509"
"JOSE STÉDILE_RS";"JOSE STÉDILE";"RS";"PSB";"15646660.93";"160607"
"JOSUÉ BENGTSON_PA";"JOSUÉ BENGTSON";"PA";"PTB";"12643520.96";"74351"
"JOSÉ AIRTON CIRILO_CE";"JOSÉ AIRTON CIRILO";"CE";"PT";"35403134.69";"141464"
"JOSÉ CARLOS ALELUIA_BA";"JOSÉ CARLOS ALELUIA";"BA";"DEM";"2709200";"74553"
"JOSÉ CARLOS ARAÚJO_BA";"JOSÉ CARLOS ARAÚJO";"BA";"PSD";"26947081.63";"74140"
"JOSÉ GUIMARÃES_CE";"JOSÉ GUIMARÃES";"CE";"PT";"49314232";"141470"
"JOSÉ MENTOR_SP";"JOSÉ MENTOR";"SP";"PT";"23537344.09";"74275"
"JOSÉ NUNES_BA";"JOSÉ NUNES";"BA";"PSD";"28872200.97";"160619"
"JOSÉ OTÁVIO GERMANO_RS";"JOSÉ OTÁVIO GERMANO";"RS";"PP";"49588595.6";"74395"
"JOSÉ PRIANTE_PA";"JOSÉ PRIANTE";"PA";"PMDB";"19069095.35";"74079"
"JOSÉ REINALDO_MA";"JOSÉ REINALDO";"MA";"PSB";"951000";"73714"
"JOSÉ ROCHA_BA";"JOSÉ ROCHA";"BA";"PR";"28789585.46";"74554"
"JOVAIR ARANTES_GO";"JOVAIR ARANTES";"GO";"PTB";"37452431.26";"73666"
"JOÃO ARRUDA_PR";"JOÃO ARRUDA";"PR";"PMDB";"31182822.67";"160573"
"JOÃO CAMPOS_GO";"JOÃO CAMPOS";"GO";"PSDB";"20139400.09";"74366"
"JOÃO CARLOS BACELAR_BA";"JOÃO CARLOS BACELAR";"BA";"PR";"53541486.61";"141458"
"JOÃO DANIEL_SE";"JOÃO DANIEL";"SE";"PT";"2222300";"178970"
"JOÃO DERLY_RS";"JOÃO DERLY";"RS";"REDE";"1400333.92";"178965"
"JOÃO RODRIGUES_SC";"JOÃO RODRIGUES";"SC";"PSD";"3005000";"160571"
"JULIO LOPES_RJ";"JULIO LOPES";"RJ";"PP";"3523595.3";"74253"
"JUTAHY JUNIOR_BA";"JUTAHY JUNIOR";"BA";"PSDB";"18465321.94";"74570"
"JÉSSICA SALES_AC";"JÉSSICA SALES";"AC";"PMDB";"3242558";"178839"
"JÔ MORAES_MG";"JÔ MORAES";"MG";"PCdoB";"21827546.94";"141503"
"JÚLIO CESAR_PI";"JÚLIO CESAR";"PI";"PSD";"27984314.64";"74317"
"JÚLIO DELGADO_MG";"JÚLIO DELGADO";"MG";"PSB";"23026993.98";"73586"
"KEIKO OTA_SP";"KEIKO OTA";"SP";"PSB";"28271918.68";"160659"
"LAERCIO OLIVEIRA_SE";"LAERCIO OLIVEIRA";"SE";"SD";"23202154.11";"151208"
"LAERTE BESSA_DF";"LAERTE BESSA";"DF";"PR";"1691600";"141478"
"LEANDRE_PR";"LEANDRE";"PR";"PV";"1008000";"178832"
"LELO COIMBRA_ES";"LELO COIMBRA";"ES";"PMDB";"35041622.29";"141562"
"LEO DE BRITO_AC";"LEO DE BRITO";"AC";"PT";"860307.07";"178825"
"LEONARDO MONTEIRO_MG";"LEONARDO MONTEIRO";"MG";"PT";"36440008.35";"74156"
"LEONARDO PICCIANI_RJ";"LEONARDO PICCIANI";"RJ";"PMDB";"18651881.37";"74254"
"LEONARDO QUINTÃO_MG";"LEONARDO QUINTÃO";"MG";"PMDB";"25607745.12";"141482"
"LEOPOLDO MEYER_PR";"LEOPOLDO MEYER";"PR";"PSB";"19754547.51";"160663"
"LINCOLN PORTELA_MG";"LINCOLN PORTELA";"MG";"PR";"38341977.84";"74585"
"LINDOMAR GARÇON_RO";"LINDOMAR GARÇON";"RO";"PMDB";"5361555.63";"141483"
"LUCIANA SANTOS_PE";"LUCIANA SANTOS";"PE";"PCdoB";"88295386.16";"160628"
"LUCIO MOSQUINI_RO";"LUCIO MOSQUINI";"RO";"PMDB";"2354166.67";"178954"
"LUCIO VIEIRA LIMA_BA";"LUCIO VIEIRA LIMA";"BA";"PMDB";"30102334.86";"94931"
"LUIS CARLOS HEINZE_RS";"LUIS CARLOS HEINZE";"RS";"PP";"55815368.77";"73483"
"LUIS TIBÉ_MG";"LUIS TIBÉ";"MG";"PTdoB";"24626374.21";"160510"
"LUIZ CARLOS BUSATO_RS";"LUIZ CARLOS BUSATO";"RS";"PTB";"22668988.66";"141485"
"LUIZ CARLOS HAULY_PR";"LUIZ CARLOS HAULY";"PR";"PSDB";"28064386.09";"73778"
"LUIZ CLÁUDIO_RO";"LUIZ CLÁUDIO";"RO";"PR";"1214778";"178955"
"LUIZ COUTO_PB";"LUIZ COUTO";"PB";"PT";"15380809.22";"74041"
"LUIZ FERNANDO FARIA_MG";"LUIZ FERNANDO FARIA";"MG";"PP";"30109729.21";"141487"
"LUIZ NISHIMORI_PR";"LUIZ NISHIMORI";"PR";"PR";"22678522.79";"162332"
"LUIZ SÉRGIO_RJ";"LUIZ SÉRGIO";"RJ";"PT";"17516003.17";"74688"
"LUIZA ERUNDINA_SP";"LUIZA ERUNDINA";"SP";"PSB";"39365989.6";"74784"
"LÁZARO BOTELHO_TO";"LÁZARO BOTELHO";"TO";"PP";"38235408.25";"141480"
"LÚCIO VALE_PA";"LÚCIO VALE";"PA";"PR";"18992254.78";"141484"
"MAGDA MOFATTO_GO";"MAGDA MOFATTO";"GO";"PR";"1600000";"166402"
"MANDETTA_MS";"MANDETTA";"MS";"DEM";"25312714.68";"160633"
"MANOEL JUNIOR_PB";"MANOEL JUNIOR";"PB";"PMDB";"14767172.75";"141490"
"MARA GABRILLI_SP";"MARA GABRILLI";"SP";"PSDB";"29670639.18";"160565"
"MARCELO ARO_MG";"MARCELO ARO";"MG";"PHS";"840000";"146788"
"MARCELO MATOS_RJ";"MARCELO MATOS";"RJ";"PDT";"11212678.05";"76287"
"MARCELO ÁLVARO ANTÔNIO_MG";"MARCELO ÁLVARO ANTÔNIO";"MG";"PMB";"900000";"179000"
"MARCIO ALVINO_SP";"MARCIO ALVINO";"SP";"PR";"430000";"178983"
"MARCO ANTÔNIO CABRAL_RJ";"MARCO ANTÔNIO CABRAL";"RJ";"PMDB";"2674581.65";"178942"
"MARCO MAIA_RS";"MARCO MAIA";"RS";"PT";"58704863.3";"133373"
"MARCO TEBALDI_SC";"MARCO TEBALDI";"SC";"PSDB";"21012906.68";"160536"
"MARCON_RS";"MARCON";"RS";"PT";"35438593.54";"160535"
"MARCOS MONTES_MG";"MARCOS MONTES";"MG";"PSD";"29776442.61";"141500"
"MARCOS REATEGUI_AP";"MARCOS REATEGUI";"AP";"PSC";"1950361";"178852"
"MARCOS ROGÉRIO_RO";"MARCOS ROGÉRIO";"RO";"PDT";"33051078.24";"167722"
"MARCOS ROTTA_AM";"MARCOS ROTTA";"AM";"PMDB";"4347085.02";"178850"
"MARCUS PESTANA_MG";"MARCUS PESTANA";"MG";"PSDB";"20874564.36";"159238"
"MARGARIDA SALOMÃO_MG";"MARGARIDA SALOMÃO";"MG";"PT";"5713324.23";"171619"
"MARIA DO ROSÁRIO_RS";"MARIA DO ROSÁRIO";"RS";"PT";"11015047.57";"74398"
"MARIANA CARVALHO_RO";"MARIANA CARVALHO";"RO";"PSDB";"202000";"178956"
"MARINHA RAUPP_RO";"MARINHA RAUPP";"RO";"PMDB";"31724389.17";"74177"
"MARX BELTRÃO_AL";"MARX BELTRÃO";"AL";"PMDB";"1450000";"178843"
"MAURO LOPES_MG";"MAURO LOPES";"MG";"PMDB";"31952755.13";"74749"
"MAURO MARIANI_SC";"MAURO MARIANI";"SC";"PMDB";"44696220.14";"141507"
"MAURÍCIO QUINTELLA LESSA_AL";"MAURÍCIO QUINTELLA LESSA";"AL";"PR";"29429189.31";"74050"
"MENDONÇA FILHO_PE";"MENDONÇA FILHO";"PE";"DEM";"4278889.29";"74428"
"MILTON MONTI_SP";"MILTON MONTI";"SP";"PR";"45618455.1";"74787"
"MIRO TEIXEIRA_RJ";"MIRO TEIXEIRA";"RJ";"REDE";"15445750.14";"74862"
"MISSIONÁRIO JOSÉ OLIMPIO_SP";"MISSIONÁRIO JOSÉ OLIMPIO";"SP";"PP";"46298128.38";"160561"
"MOEMA GRAMACHO_BA";"MOEMA GRAMACHO";"BA";"PT";"555500";"178859"
"MOSES RODRIGUES_CE";"MOSES RODRIGUES";"CE";"PPS";"1521000";"178997"
"MÁRCIO MARINHO_BA";"MÁRCIO MARINHO";"BA";"PRB";"26785985.65";"150418"
"MÁRIO HERINGER_MG";"MÁRIO HERINGER";"MG";"PDT";"1782607.69";"74158"
"MÁRIO NEGROMONTE JR._BA";"MÁRIO NEGROMONTE JR.";"BA";"PP";"1924085.2";"178858"
"NELSON MARCHEZAN JUNIOR_RS";"NELSON MARCHEZAN JUNIOR";"RS";"PSDB";"24368149.24";"160567"
"NELSON MARQUEZELLI_SP";"NELSON MARQUEZELLI";"SP";"PTB";"33007247.3";"73553"
"NELSON MEURER_PR";"NELSON MEURER";"PR";"PP";"45460452.77";"73781"
"NEWTON CARDOSO JR_MG";"NEWTON CARDOSO JR";"MG";"PMDB";"972292.2";"178896"
"NILSON LEITÃO_MT";"NILSON LEITÃO";"MT";"PSDB";"15118861.64";"166401"
"NILSON PINTO_PA";"NILSON PINTO";"PA";"PSDB";"11003012";"74352"
"NILTO TATTO_SP";"NILTO TATTO";"SP";"PT";"1392300";"178986"
"NILTON CAPIXABA_RO";"NILTON CAPIXABA";"RO";"PTB";"47162918.94";"74359"
"ONYX LORENZONI_RS";"ONYX LORENZONI";"RS";"DEM";"26493983.18";"74399"
"OSMAR SERRAGLIO_PR";"OSMAR SERRAGLIO";"PR";"PMDB";"28867115.09";"73463"
"OSMAR TERRA_RS";"OSMAR TERRA";"RS";"PMDB";"40195198.09";"73692"
"OTAVIO LEITE_RJ";"OTAVIO LEITE";"RJ";"PSDB";"20613277.15";"141515"
"PADRE JOÃO_MG";"PADRE JOÃO";"MG";"PT";"24646202.71";"160556"
"PAES LANDIM_PI";"PAES LANDIM";"PI";"PTB";"37489666.92";"74319"
"PASTOR EURICO_PE";"PASTOR EURICO";"PE";"PSB";"55823043.13";"160642"
"PAUDERNEY AVELINO_AM";"PAUDERNEY AVELINO";"AM";"DEM";"15023386.72";"74095"
"PAULO ABI-ACKEL_MG";"PAULO ABI-ACKEL";"MG";"PSDB";"11212074.31";"141516"
"PAULO AZI_BA";"PAULO AZI";"BA";"DEM";"250000";"178860"
"PAULO FEIJÓ_RJ";"PAULO FEIJÓ";"RJ";"PR";"4450439.91";"74017"
"PAULO FOLETTO_ES";"PAULO FOLETTO";"ES";"PSB";"27345119.76";"160517"
"PAULO FREIRE_SP";"PAULO FREIRE";"SP";"PR";"25413487.93";"160558"
"PAULO MAGALHÃES_BA";"PAULO MAGALHÃES";"BA";"PSD";"23508059.87";"74574"
"PAULO MALUF_SP";"PAULO MALUF";"SP";"PP";"52184961.88";"132056"
"PAULO PEREIRA DA SILVA_SP";"PAULO PEREIRA DA SILVA";"SP";"SD";"19571969.27";"141518"
"PAULO PIMENTA_RS";"PAULO PIMENTA";"RS";"PT";"43437621.25";"74400"
"PAULO TEIXEIRA_SP";"PAULO TEIXEIRA";"SP";"PT";"32713025.32";"141488"
"PAULÃO_AL";"PAULÃO";"AL";"PT";"12543726.6";"171617"
"PEDRO CHAVES_GO";"PEDRO CHAVES";"GO";"PMDB";"29301550.41";"74812"
"PEDRO CUNHA LIMA_PB";"PEDRO CUNHA LIMA";"PB";"PSDB";"292800";"178912"
"PEDRO FERNANDES_MA";"PEDRO FERNANDES";"MA";"PTB";"9956442.72";"74449"
"PEDRO UCZAI_SC";"PEDRO UCZAI";"SC";"PT";"38162488.81";"160604"
"PEPE VARGAS_RS";"PEPE VARGAS";"RS";"PT";"14331670.22";"141445"
"POMPEO DE MATTOS_RS";"POMPEO DE MATTOS";"RS";"PDT";"1189918.67";"73486"
"PR. MARCO FELICIANO_SP";"PR. MARCO FELICIANO";"SP";"PSC";"26201586.63";"160601"
"PROFESSORA DORINHA SEABRA REZENDE_TO";"PROFESSORA DORINHA SEABRA REZENDE";"TO";"DEM";"25057570.28";"160639"
"PROFESSORA MARCIVANIA_AP";"PROFESSORA MARCIVANIA";"AP";"PT";"2164411.7";"160641"
"RAIMUNDO GOMES DE MATOS_CE";"RAIMUNDO GOMES DE MATOS";"CE";"PSDB";"33486883.01";"74216"
"RAQUEL MUNIZ_MG";"RAQUEL MUNIZ";"MG";"PSC";"488578.16";"178998"
"REGINALDO LOPES_MG";"REGINALDO LOPES";"MG";"PT";"35539055.96";"74161"
"REMÍDIO MONAI_RR";"REMÍDIO MONAI";"RR";"PR";"3621431.6";"178960"
"RENATA ABREU_SP";"RENATA ABREU";"SP";"PTN";"612000";"178989"
"RENATO MOLLING_RS";"RENATO MOLLING";"RS";"PP";"44091783.41";"141527"
"RENZO BRAZ_MG";"RENZO BRAZ";"MG";"PP";"34932945.18";"160654"
"RICARDO BARROS_PR";"RICARDO BARROS";"PR";"PP";"1149467";"73788"
"RICARDO IZAR_SP";"RICARDO IZAR";"SP";"PSD";"17072139.31";"160655"
"RICARDO TRIPOLI_SP";"RICARDO TRIPOLI";"SP";"PSDB";"18140677.65";"141472"
"ROBERTO BALESTRA_GO";"ROBERTO BALESTRA";"GO";"PP";"23267809.05";"73674"
"ROBERTO BRITTO_BA";"ROBERTO BRITTO";"BA";"PP";"42339325.74";"141529"
"ROBERTO DE LUCENA_SP";"ROBERTO DE LUCENA";"SP";"PV";"17947903.27";"160653"
"ROBERTO GÓES_AP";"ROBERTO GÓES";"AP";"PDT";"6536934.34";"178995"
"ROBERTO SALES_RJ";"ROBERTO SALES";"RJ";"PRB";"1085102.7";"178944"
"ROCHA_AC";"ROCHA";"AC";"PSDB";"831700";"178840"
"RODRIGO DE CASTRO_MG";"RODRIGO DE CASTRO";"MG";"PSDB";"10116549.88";"141531"
"RODRIGO GARCIA_SP";"RODRIGO GARCIA";"SP";"DEM";"1467268.13";"88950"
"RODRIGO MAIA_RJ";"RODRIGO MAIA";"RJ";"DEM";"9751324.43";"74693"
"RODRIGO PACHECO_MG";"RODRIGO PACHECO";"MG";"PMDB";"488000";"178897"
"ROGÉRIO MARINHO_RN";"ROGÉRIO MARINHO";"RN";"PSDB";"3169905.74";"141535"
"ROGÉRIO PENINHA MENDONÇA_SC";"ROGÉRIO PENINHA MENDONÇA";"SC";"PMDB";"30184600.79";"160651"
"RONALDO BENEDET_SC";"RONALDO BENEDET";"SC";"PMDB";"39654116.24";"160515"
"RONALDO CARLETTO_BA";"RONALDO CARLETTO";"BA";"PP";"292800";"178861"
"RONALDO FONSECA_DF";"RONALDO FONSECA";"DF";"Pros";"14744471.91";"160637"
"RONALDO MARTINS_CE";"RONALDO MARTINS";"CE";"PRB";"1004009";"122466"
"RONALDO NOGUEIRA_RS";"RONALDO NOGUEIRA";"RS";"PTB";"17123795.23";"163321"
"ROSANGELA GOMES_RJ";"ROSANGELA GOMES";"RJ";"PRB";"1011545";"178945"
"RUBENS BUENO_PR";"RUBENS BUENO";"PR";"PPS";"15071589.24";"73466"
"RUBENS OTONI_GO";"RUBENS OTONI";"GO";"PT";"17073846.07";"74371"
"RUBENS PEREIRA JÚNIOR_MA";"RUBENS PEREIRA JÚNIOR";"MA";"PCdoB";"1426000";"178887"
"RÔMULO GOUVEIA_PB";"RÔMULO GOUVEIA";"PB";"PSD";"1861000";"141536"
"SANDRO ALEX_PR";"SANDRO ALEX";"PR";"PPS";"12334970.47";"160621"
"SARAIVA FELIPE_MG";"SARAIVA FELIPE";"MG";"PMDB";"28701469.12";"74762"
"SARNEY FILHO_MA";"SARNEY FILHO";"MA";"PV";"30728505.41";"74210"
"SERGIO VIDIGAL_ES";"SERGIO VIDIGAL";"ES";"PDT";"678091.04";"178874"
"SHÉRIDAN_RR";"SHÉRIDAN";"RR";"PSDB";"3210901.22";"178961"
"SIBÁ MACHADO_AC";"SIBÁ MACHADO";"AC";"PT";"33872464.68";"160613"
"SILAS CÂMARA_AM";"SILAS CÂMARA";"AM";"PSD";"62042249.2";"74356"
"SILVIO COSTA_PE";"SILVIO COSTA";"PE";"PTdoB";"86908421.36";"4930"
"SILVIO TORRES_SP";"SILVIO TORRES";"SP";"PSDB";"1013126.26";"73560"
"SIMÃO SESSIM_RJ";"SIMÃO SESSIM";"RJ";"PP";"24091666.7";"73424"
"SORAYA SANTOS_RJ";"SORAYA SANTOS";"RJ";"PMDB";"1245450.1";"178946"
"STEFANO AGUIAR_MG";"STEFANO AGUIAR";"MG";"PSB";"14474274.03";"92776"
"SUBTENENTE GONZAGA_MG";"SUBTENENTE GONZAGA";"MG";"PDT";"3783960.68";"177282"
"SÁGUAS MORAES_MT";"SÁGUAS MORAES";"MT";"PT";"8549017";"160630"
"SÉRGIO BRITO_BA";"SÉRGIO BRITO";"BA";"PSD";"30169487.04";"73808"
"SÉRGIO MORAES_RS";"SÉRGIO MORAES";"RS";"PTB";"43921540.67";"141542"
"TAKAYAMA_PR";"TAKAYAMA";"PR";"PSC";"28320359.24";"74385"
"TEREZA CRISTINA_MS";"TEREZA CRISTINA";"MS";"PSB";"1137691.31";"178901"
"THIAGO PEIXOTO_GO";"THIAGO PEIXOTO";"GO";"PSD";"6959422.66";"160617"
"TIA ERON_BA";"TIA ERON";"BA";"PRB";"1519438.19";"178862"
"TIRIRICA_SP";"TIRIRICA";"SP";"PR";"41192393.23";"160976"
"TONINHO PINHEIRO_MG";"TONINHO PINHEIRO";"MG";"PP";"25940031.66";"160611"
"TONINHO WANDSCHEER_PR";"TONINHO WANDSCHEER";"PR";"PMB";"196000";"178934"
"VALADARES FILHO_SE";"VALADARES FILHO";"SE";"PSB";"27006578.04";"141384"
"VALDIR COLATTO_SC";"VALDIR COLATTO";"SC";"PMDB";"20789406.26";"74010"
"VALMIR ASSUNÇÃO_BA";"VALMIR ASSUNÇÃO";"BA";"PT";"15862954.57";"160610"
"VALTENIR PEREIRA_MT";"VALTENIR PEREIRA";"MT";"PMB";"7953248.58";"141552"
"VANDER LOUBET_MS";"VANDER LOUBET";"MS";"PT";"1000660.98";"74376"
"VANDERLEI MACRIS_SP";"VANDERLEI MACRIS";"SP";"PSDB";"19846163.64";"141553"
"VENEZIANO VITAL DO RÊGO_PB";"VENEZIANO VITAL DO RÊGO";"PB";"PMDB";"747500";"178913"
"VICENTE ARRUDA_CE";"VICENTE ARRUDA";"CE";"Pros";"38106508.49";"74308"
"VICENTE CANDIDO_SP";"VICENTE CANDIDO";"SP";"PT";"20342646.86";"160622"
"VICENTINHO_SP";"VICENTINHO";"SP";"PT";"22866263.72";"74283"
"VINICIUS CARVALHO_SP";"VINICIUS CARVALHO";"SP";"PRB";"995600";"141555"
"VINICIUS GURGEL_AP";"VINICIUS GURGEL";"AP";"PR";"44226275.47";"160591"
"WALDENOR PEREIRA_BA";"WALDENOR PEREIRA";"BA";"PT";"24524942.71";"160569"
"WALDIR MARANHÃO_MA";"WALDIR MARANHÃO";"MA";"PP";"30940058.69";"141558"
"WASHINGTON REIS_RJ";"WASHINGTON REIS";"RJ";"PMDB";"33181974.49";"160620"
"WELITON PRADO_MG";"WELITON PRADO";"MG";"PMB";"9024722.39";"160518"
"WELLINGTON ROBERTO_PB";"WELLINGTON ROBERTO";"PB";"PR";"31150546.53";"74043"
"WILSON FILHO_PB";"WILSON FILHO";"PB";"PTB";"35261512.48";"160636"
"WLADIMIR COSTA_PA";"WLADIMIR COSTA";"PA";"SD";"19480750.55";"73930"
"WOLNEY QUEIROZ_PE";"WOLNEY QUEIROZ";"PE";"PDT";"93220668.95";"74439"
"ZECA CAVALCANTI_PE";"ZECA CAVALCANTI";"PE";"PTB";"832900";"178923"
"ZECA DIRCEU_PR";"ZECA DIRCEU";"PR";"PT";"27520142.18";"160592"
"ZÉ GERALDO_PA";"ZÉ GERALDO";"PA";"PT";"31733656.4";"73931"
"ZÉ SILVA_MG";"ZÉ SILVA";"MG";"SD";"25645926.6";"160632"
"ÁTILA LINS_AM";"ÁTILA LINS";"AM";"PSD";"44315323.32";"74090"
"ÁTILA LIRA_PI";"ÁTILA LIRA";"PI";"PSB";"14139354.7";"74459"